<?xml version="1.0" encoding="UTF-8"?>
<project-private xmlns="http://www.netbeans.org/ns/project-private/1">
    <editor-bookmarks xmlns="http://www.netbeans.org/ns/editor-bookmarks/2" lastBookmarkId="0"/>
    <open-files xmlns="http://www.netbeans.org/ns/projectui-open-files/2">
        <group>
            <file>file:/C:/Users/namee/OneDrive/Documents/NetBeansProjects/BookRentalSystem/src/java/servlets/ViewRentedBookServlet.java</file>
            <file>file:/C:/Users/namee/OneDrive/Documents/NetBeansProjects/BookRentalSystem/web/login.jsp</file>
            <file>file:/C:/Users/namee/OneDrive/Documents/NetBeansProjects/BookRentalSystem/web/images/dvc.jpeg</file>
            <file>file:/C:/Users/namee/OneDrive/Documents/NetBeansProjects/BookRentalSystem/src/java/database/BookDatabase.java</file>
            <file>file:/C:/Users/namee/OneDrive/Documents/NetBeansProjects/BookRentalSystem/src/java/servlets/LogoutServlet.java</file>
            <file>file:/C:/Users/namee/OneDrive/Documents/NetBeansProjects/BookRentalSystem/src/java/servlets/DashboardServlet.java</file>
            <file>file:/C:/Users/namee/OneDrive/Documents/NetBeansProjects/BookRentalSystem/src/java/model/Student.java</file>
            <file>file:/C:/Users/namee/OneDrive/Documents/NetBeansProjects/BookRentalSystem/web/view.jsp</file>
            <file>file:/C:/Users/namee/OneDrive/Documents/NetBeansProjects/BookRentalSystem/web/styles.css</file>
            <file>file:/C:/Users/namee/OneDrive/Documents/NetBeansProjects/BookRentalSystem/src/java/servlets/RegisterServlet.java</file>
            <file>file:/C:/Users/namee/OneDrive/Documents/NetBeansProjects/BookRentalSystem/web/images/bag.jpeg</file>
            <file>file:/C:/Users/namee/OneDrive/Documents/NetBeansProjects/BookRentalSystem/src/java/model/Book.java</file>
            <file>file:/C:/Users/namee/OneDrive/Documents/NetBeansProjects/BookRentalSystem/src/java/database/StudentDatabase.java</file>
            <file>file:/C:/Users/namee/OneDrive/Documents/NetBeansProjects/BookRentalSystem/web/addbook.jsp</file>
            <file>file:/C:/Users/namee/OneDrive/Documents/NetBeansProjects/BookRentalSystem/web/images/cater.jpeg</file>
            <file>file:/C:/Users/namee/OneDrive/Documents/NetBeansProjects/BookRentalSystem/src/java/servlets/LoginServlet.java</file>
            <file>file:/C:/Users/namee/OneDrive/Documents/NetBeansProjects/BookRentalSystem/src/java/servlets/BooksServlet.java</file>
            <file>file:/C:/Users/namee/OneDrive/Documents/NetBeansProjects/BookRentalSystem/src/java/servlets/AddBookServlet.java</file>
            <file>file:/C:/Users/namee/OneDrive/Documents/NetBeansProjects/BookRentalSystem/web/dashboard.jsp</file>
            <file>file:/C:/Users/namee/OneDrive/Documents/NetBeansProjects/BookRentalSystem/web/images/fiction.jpeg</file>
            <file>file:/C:/Users/namee/OneDrive/Documents/NetBeansProjects/BookRentalSystem/web/images/will.jpeg</file>
            <file>file:/C:/Users/namee/OneDrive/Documents/NetBeansProjects/BookRentalSystem/web/images/tkd.jpeg</file>
            <file>file:/C:/Users/namee/OneDrive/Documents/NetBeansProjects/BookRentalSystem/web/images/stone.jpeg</file>
            <file>file:/C:/Users/namee/OneDrive/Documents/NetBeansProjects/BookRentalSystem/src/java/servlets/StudentRentedBookServlet.java</file>
            <file>file:/C:/Users/namee/OneDrive/Documents/NetBeansProjects/BookRentalSystem/web/admin.jsp</file>
            <file>file:/C:/Users/namee/OneDrive/Documents/NetBeansProjects/BookRentalSystem/web/images/child.jpeg</file>
            <file>file:/C:/Users/namee/OneDrive/Documents/NetBeansProjects/BookRentalSystem/web/register.jsp</file>
            <file>file:/C:/Users/namee/OneDrive/Documents/NetBeansProjects/BookRentalSystem/src/java/model/RentedBook.java</file>
            <file>file:/C:/Users/namee/OneDrive/Documents/NetBeansProjects/BookRentalSystem/src/java/servlets/RentBookServlet.java</file>
            <file>file:/C:/Users/namee/OneDrive/Documents/NetBeansProjects/BookRentalSystem/src/java/servlets/StudentAddedBookServlet.java</file>
            <file>file:/C:/Users/namee/OneDrive/Documents/NetBeansProjects/BookRentalSystem/src/java/database/DBConnection.java</file>
            <file>file:/C:/Users/namee/OneDrive/Documents/NetBeansProjects/BookRentalSystem/web/rentedbooks.jsp</file>
            <file>file:/C:/Users/namee/OneDrive/Documents/NetBeansProjects/BookRentalSystem/web/index.jsp</file>
            <file>file:/C:/Users/namee/OneDrive/Documents/NetBeansProjects/BookRentalSystem/web/images/kmb.jpeg</file>
            <file>file:/C:/Users/namee/OneDrive/Documents/NetBeansProjects/BookRentalSystem/web/books.jsp</file>
            <file>file:/C:/Users/namee/OneDrive/Documents/NetBeansProjects/BookRentalSystem/web/images/twilight.jpeg</file>
            <file>file:/C:/Users/namee/OneDrive/Documents/NetBeansProjects/BookRentalSystem/web/studaddedbooks.jsp</file>
            <file>file:/C:/Users/namee/OneDrive/Documents/NetBeansProjects/BookRentalSystem/web/images/dune.jpeg</file>
            <file>file:/C:/Users/namee/OneDrive/Documents/NetBeansProjects/BookRentalSystem/web/images/slowfire.png</file>
            <file>file:/C:/Users/namee/OneDrive/Documents/NetBeansProjects/BookRentalSystem/web/images/jungle.jpeg</file>
        </group>
    </open-files>
</project-private>
